{"cameraMode":{"drawMode":0,"name":"Shaded","section":"Shading Mode"},"sceneLighting":true,"audioPlay":false,"sceneViewState":{"m_AlwaysRefresh":false,"showFog":true,"showSkybox":true,"showFlares":true,"showImageEffects":true,"showParticleSystems":true,"showVisualEffectGraphs":true,"m_FxEnabled":true},"in2DMode":false,"pivot":{"x":43.21473693847656,"y":-22.928367614746095,"z":-28.009340286254884},"rotation":{"x":-0.04686693847179413,"y":0.9499075412750244,"z":-0.17463049292564393,"w":-0.25493350625038149},"size":43.212711334228519,"orthographic":false}